Annee,Mois_num,Mois,Accidents,Morts,Blesses,Date
2015,1,Janvier,621,102,847,2015-01-01
2015,2,Février,544,98,775,2015-02-01
2015,3,Mars,583,87,871,2015-03-01
2015,4,Avril,620,104,839,2015-04-01
2015,5,Mai,700,97,1041,2015-05-01
2015,6,Juin,600,129,959,2015-06-01
2015,7,Juillet,694,163,1182,2015-07-01
2015,8,Août,681,138,1145,2015-08-01
2015,9,Septembre,629,129,955,2015-09-01
2015,10,Octobre,557,139,824,2015-10-01
2015,11,Novembre,502,117,686,2015-11-01
2015,12,Décembre,495,104,759,2015-12-01
2016,1,Janvier,639,110,942,2016-01-01
2016,2,Février,641,96,914,2016-02-01
2016,3,Mars,629,102,945,2016-03-01
2016,4,Avril,651,103,921,2016-04-01
2016,5,Mai,629,121,911,2016-05-01
2016,6,Juin,613,94,956,2016-06-01
2016,7,Juillet,664,152,1107,2016-07-01
2016,8,Août,615,174,1049,2016-08-01
2016,9,Septembre,634,123,1007,2016-09-01
2016,10,Octobre,543,119,766,2016-10-01
2016,11,Novembre,505,123,771,2016-11-01
2016,12,Décembre,464,126,746,2016-12-01
2017,1,Janvier,647,124,907,2017-01-01
2017,2,Février,537,89,738,2017-02-01
2017,3,Mars,663,85,1028,2017-03-01
2017,4,Avril,624,110,878,2017-04-01
2017,5,Mai,608,111,868,2017-05-01
2017,6,Juin,549,124,802,2017-06-01
2017,7,Juillet,674,139,1164,2017-07-01
2017,8,Août,641,169,1029,2017-08-01
2017,9,Septembre,518,102,799,2017-09-01
2017,10,Octobre,547,102,783,2017-10-01
2017,11,Novembre,530,100,799,2017-11-01
2017,12,Décembre,434,114,620,2017-12-01
2018,1,Janvier,605,94,845,2018-01-01
2018,2,Février,548,88,821,2018-02-01
2018,3,Mars,540,92,801,2018-03-01
2018,4,Avril,495,108,700,2018-04-01
2018,5,Mai,452,76,767,2018-05-01
2018,6,Juin,585,127,916,2018-06-01
2018,7,Juillet,540,135,882,2018-07-01
2018,8,Août,478,101,803,2018-08-01
2018,9,Septembre,445,98,575,2018-09-01
2018,10,Octobre,398,95,551,2018-10-01
2018,11,Novembre,388,87,568,2018-11-01
2018,12,Décembre,410,104,647,2018-12-01
2019,1,Janvier,566,90,790,2019-01-01
2019,2,Février,513,76,634,2019-02-01
2019,3,Mars,506,98,703,2019-03-01
2019,4,Avril,500,102,759,2019-04-01
2019,5,Mai,481,82,750,2019-05-01
2019,6,Juin,588,98,823,2019-06-01
2019,7,Juillet,564,119,879,2019-07-01
2019,8,Août,478,119,724,2019-08-01
2019,9,Septembre,488,94,660,2019-09-01
2019,10,Octobre,449,80,632,2019-10-01
2019,11,Novembre,437,72,629,2019-11-01
2019,12,Décembre,402,120,591,2019-12-01
2020,1,Janvier,573,108,780,2020-01-01
2020,2,Février,503,105,700,2020-02-01
2020,3,Mars,290,63,417,2020-03-01
2020,4,Avril,148,37,179,2020-04-01
2020,5,Mai,326,51,478,2020-05-01
2020,6,Juin,458,82,639,2020-06-01
2020,7,Juillet,498,100,733,2020-07-01
2020,8,Août,441,96,703,2020-08-01
2020,9,Septembre,405,66,523,2020-09-01
2020,10,Octobre,414,69,563,2020-10-01
2020,11,Novembre,352,74,532,2020-11-01
2020,12,Décembre,366,80,515,2020-12-01
2021,1,Janvier,455,75,590,2021-01-01
2021,2,Février,453,73,577,2021-02-01
2021,3,Mars,517,71,745,2021-03-01
2021,4,Avril,361,76,518,2021-04-01
2021,5,Mai,499,88,713,2021-05-01
2021,6,Juin,500,84,711,2021-06-01
2021,7,Juillet,405,88,556,2021-07-01
2021,8,Août,428,109,600,2021-08-01
2021,9,Septembre,389,89,474,2021-09-01
2021,10,Octobre,376,82,505,2021-10-01
2021,11,Novembre,355,93,444,2021-11-01
2021,12,Décembre,351,87,460,2021-12-01
2022,1,Janvier,507,89,701,2022-01-01
2022,2,Février,446,70,628,2022-02-01
2022,3,Mars,437,52,594,2022-03-01
2022,4,Avril,416,62,637,2022-04-01
2022,5,Mai,523,72,734,2022-05-01
2022,6,Juin,455,83,728,2022-06-01
2022,7,Juillet,524,125,831,2022-07-01
2022,8,Août,517,98,778,2022-08-01
2022,9,Septembre,479,101,654,2022-09-01
2022,10,Octobre,514,89,714,2022-10-01
2022,11,Novembre,484,103,637,2022-11-01
2022,12,Décembre,413,113,548,2022-12-01
2023,1,Janvier,599,130,743,2023-01-01
2023,2,Février,454,69,653,2023-02-01
2023,3,Mars,511,77,724,2023-03-01
2023,4,Avril,546,102,752,2023-04-01
2023,5,Mai,477,80,663,2023-05-01
2023,6,Juin,511,117,662,2023-06-01
2023,7,Juillet,513,116,732,2023-07-01
2023,8,Août,500,96,732,2023-08-01
2023,9,Septembre,421,103,630,2023-09-01
2023,10,Octobre,488,113,623,2023-10-01
2023,11,Novembre,391,113,505,2023-11-01
2023,12,Décembre,385,100,490,2023-12-01
2024,1,Janvier,501,84,627,2024-01-01
2024,2,Février,455,93,659,2024-02-01
2024,3,Mars,473,80,598,2024-03-01
2024,4,Avril,522,99,744,2024-04-01
2024,5,Mai,523,85,661,2024-05-01
2024,6,Juin,423,77,608,2024-06-01
2024,7,Juillet,569,113,781,2024-07-01
2024,8,Août,512,120,727,2024-08-01
2024,9,Septembre,459,100,656,2024-09-01
2024,10,Octobre,455,126,594,2024-10-01
2024,11,Novembre,450,88,589,2024-11-01
2024,12,Décembre,432,107,632,2024-12-01
2025,1,Janvier,499,92,622,2025-01-01
2025,2,Février,416,80,545,2025-02-01
2025,3,Mars,469,90,603,2025-03-01
2025,4,Avril,520,105,666,2025-04-01
2025,5,Mai,455,78,600,2025-05-01
2025,6,Juin,455,127,644,2025-06-01
2025,7,Juillet,468,114,611,2025-07-01
2025,8,Août,464,136,676,2025-08-01
2025,9,Septembre,418,101,550,2025-09-01
2025,10,Octobre,417,93,538,2025-10-01
2025,11,Novembre,435,106,583,2025-11-01
2025,12,Décembre,408,131,499,2025-12-01
